id,log_price,property_type,room_type,amenities,accommodates,bathrooms,bed_type,cancellation_policy,cleaning_fee,city,description,host_has_profile_pic,host_identity_verified,host_since,instant_bookable,latitude,longitude,name,number_of_reviews,thumbnail_url,zipcode,bedrooms,beds;;;;
5806687,4.700480365792417,Apartment,Entire home/apt,{},1.0,1.0,Real Bed,flexible,False,NYC,A beautiful New York City Studio Apartment located in Chelsea. Close to 5th Avenue shopping and Union Square Park.  4th floor walk-up. Full Bathroom Full Kitchen Internet Included Close to all subway lines Quiet guess and non-smokers only,t,t,2014-04-06,f,40.7394219185388,-73.99628925063296,Studio apartment Chelsea NYC,0.0,https://a0.muscache.com/im/pictures/4ae85551-f8f1-4f2b-a633-1b99dc6657ee.jpg?aki_policy=small,10011.0,0.0,1.0;;;;
20075726,3.688879454113936,House,Shared room,{},1.0,1.0,Real Bed,flexible,False,LA,Small couch near the colleges in Long Beach,t,f,2016-08-14,f,33.8634715349287,-118.12342564564403,Small couch,0.0,https://a0.muscache.com/im/pictures/562117d5-cce2-489c-8b70-cf0dc413e1d0.jpg?aki_policy=small,90713.0,1.0,1.0;;;;
16050332,3.9889840465642745,House,Private room,{},1.0,1.0,Real Bed,flexible,False,SF,description,t,f,2017-01-06,t,37.779605483657456,-122.41655728492732,listing,0.0,https://a0.muscache.com/im/pictures/a8ee2fd4-a634-4356-96e2-034e191c95a8.jpg?aki_policy=small,94102.0,0.0,1.0;;;;
11824444,3.912023005428147,Apartment,Private room,{},2.0,1.0,Real Bed,flexible,False,NYC,There are 2 big windows and plenty of natural light. Our kitchen is spacious and lovely. Our bathroom also has a fancy tub separated from the shower.,t,t,2015-06-24,f,40.68681728922153,-73.92018737201644,Room for rent shared bathroom,0.0,https://a0.muscache.com/im/pictures/90861196/4c57ed2e_original.jpg?aki_policy=small,11221.0,1.0,1.0;;;;
130565,5.010635294096256,House,Private room,{},2.0,1.0,Real Bed,flexible,False,LA,Fresh accommodations,t,f,2016-10-08,f,33.80415893814013,-118.1127177073978,Luscious private room,0.0,https://a0.muscache.com/im/pictures/ebe0b6bc-4a48-4ffe-bd39-dd2e124ac44d.jpg?aki_policy=small,90815.0,1.0,1.0;;;;
16230722,4.02535169073515,Apartment,Private room,{},1.0,1.0,Real Bed,flexible,False,SF,Test,t,t,2015-03-21,t,37.75201767234326,-122.44337910894328,Test,0.0,https://a0.muscache.com/im/pictures/4e89a20d-d0b3-49d9-aa2b-23a374735d1c.jpg?aki_policy=small,94131.0,1.0,1.0;;;;
7809701,4.787491742782046,Apartment,Private room,{},2.0,1.0,Real Bed,flexible,False,SF,Furnished 1 bedroom in a 2 bedroom apt. The bedroom has its own private bathroom and a very large closet. The room offers spectacular views of San Francisco. The building has a gym &  bbq area.,t,f,2014-08-09,t,37.76911000754381,-122.41193446152616,Sunlit and modern apartment in SOMA,1.0,https://a0.muscache.com/im/pictures/90872254/ebba9526_original.jpg?aki_policy=small,94103.0,1.0,1.0;;;;
74680,4.48863636973214,House,Private room,{},2.0,1.0,Real Bed,flexible,False,LA,Quiet place with all the facilities. 2 min  to bus stop .5 min to lots of restaurants and 10 min to Santa anita race track and shopping mall.  20min to Los Angeles down town. It's a private room with a small backyard.  Attached full bathroom.  Cal king bed. Guest can use main entrance. Even we can help our guests for other necessaries too. Quiet and very convenience place .. 2 min to bus stop. 5 min all the restaurant in town. 10 min to Santa Anita race track and shopping mall.  Even you can go hiking in 5 min.,t,f,2015-03-12,t,34.14031241612734,-117.9469565680522,It's a house with small back yard.,1.0,https://a0.muscache.com/im/pictures/dcf9cf29-90e0-4063-b644-665ea4786410.jpg?aki_policy=small,91010.0,1.0,1.0;;;;
928004,4.605170185988092,Apartment,Shared room,{},1.0,1.0,Real Bed,flexible,False,NYC,Need a place to stay in NYC?? Great location upper east side.  Friendly host :). Access to entire apartment as my roommate. I live here and am here often,t,t,2016-04-04,f,40.763182658398335,-73.96107563360941,Comfy couch. Upper east side,1.0,https://a0.muscache.com/im/pictures/387bc5bc-9891-4cb4-ab0c-82d27880f993.jpg?aki_policy=small,10065.0,1.0,1.0;;;;
7632690,5.1647859739235145,House,Private room,{},1.0,1.0,Real Bed,flexible,False,LA,If you are looking for a quiet home within the hills in a safe part of town with just a walk away from all the best LA cafe's/restaurants/bars then this is an AMAZING place to stay with a large rooftop and a hammock for afternoon lounges in the sun.,t,t,2015-07-07,f,34.084259754673255,-118.27350911389556,Silverlake Hills Home with View,2.0,https://a0.muscache.com/im/pictures/91631499/f308f3f1_original.jpg?aki_policy=small,90026.0,1.0,1.0;;;;
13137179,4.605170185988092,House,Private room,{},2.0,1.0,Real Bed,flexible,False,LA,Welcome Home! Join our family of three in our private guest bedroom with its own private bathroom/laundry room and even private access to the kitchen! ,t,t,2015-01-31,f,34.18596276924028,-118.63055799522871,Private Room W/Private Bathroom,0.0,https://a0.muscache.com/im/pictures/65280163/67f8a67b_original.jpg?aki_policy=small,91307.0,1.0,1.0;;;;
16184636,5.1647859739235145,Bed & Breakfast,Private room,{},1.0,1.0,Real Bed,flexible,False,LA,One bedroom with shared bath in a three bedroom home. Room is in Ladera Heights area in Los Angeles airport and freeway close. Near shopping malls and public transportation. Room is centrally located Entire  house. Only if requested. Quiet neighborhood furnished and very comfortable.,t,f,2016-02-09,f,33.98726367031844,-118.36197561694512,Beautiful room in quiet area.,0.0,https://a0.muscache.com/im/pictures/edf86e5b-77a0-4fc2-9188-f802a43ac559.jpg?aki_policy=small,90056.0,1.0,1.0;;;;
5278479,5.886104031450156,House,Entire home/apt,{},7.0,2.0,Real Bed,flexible,True,LA,The house is in Alhambra have 3 room 2 bathroom. Close to Chinese supermarket and Chinese restaurants  and AMC theater and shopping mall Close to Chinese restaurants and supermarket Everything in the house Any time Close to everwhere,t,t,2016-11-13,f,34.07138636155242,-118.12601811138867,Nice house close to ever where,0.0,https://a0.muscache.com/im/pictures/59a3b45a-7d26-44e9-8600-778591ec1e07.jpg?aki_policy=small,91803.0,3.0,3.0;;;;
4766468,4.330733340286331,Bed & Breakfast,Shared room,{},2.0,1.0,Real Bed,strict,False,LA,Our apartment couch is an ideal bed and breakfast for 1 night traveling. You will get breakfast and a comfy sofa. Close to public transportation and walking distance to the beach,t,f,2016-08-27,f,33.7848552052567,-118.16596418302086,Great comfy sofa in apartment,0.0,https://a0.muscache.com/im/pictures/a2ad9aed-35bf-45b0-ad1b-fb06706bc069.jpg?aki_policy=small,90804.0,1.0,1.0;;;;
10272252,4.174387269895637,House,Private room,{},2.0,1.0,Real Bed,flexible,False,LA,Room with private bathroom. Comfy queen bed. Centrally located close to Hollywood and downtown. Kitchen privledge. House has charming cat and small dog and is animal friendly. Lots of on street parking available safe neighborhood. Close to bus.,t,t,2012-12-05,f,34.07920076549272,-118.28491402090091,Silverlake cottage with view of LA,0.0,https://a0.muscache.com/im/pictures/60584892/9a1ab26d_original.jpg?aki_policy=small,90004.0,1.0,1.0;;;;
5825816,3.912023005428147,House,Shared room,{},2.0,1.0,Real Bed,flexible,False,NYC,It's a simple place with a bed a desk and a coffee table a great place to crash for a night or two.,t,t,2016-02-12,f,40.74338703060926,-73.85972331313937,Safe room,0.0,,11368.0,1.0,1.0;;;;
2644321,5.247024072160486,House,Private room,{},2.0,1.0,Real Bed,flexible,False,LA,Private Bath. Private room.,t,t,2014-09-11,f,34.13942973973498,-117.97272747741384,1 upstairs bedroom + private bath,0.0,https://a0.muscache.com/im/pictures/64773834/df64f7c5_original.jpg?aki_policy=small,91010.0,1.0,1.0;;;;
15166391,4.605170185988092,House,Private room,{},3.0,1.0,Real Bed,flexible,True,LA,Close to beaches and southbay nightlife.. you have the entire upstairs of the house to yourself (2 girl roomies live downstairs)  Fully furnished bedroom and kitchen 1 bedroom shown in picture with new furniture and your own private bathroom with a jacuzzi outside your master bedroom.  2 balconies -barbque-fireplace Fully furnished entire upstairs with private bath and hot tub outside your patio door..just sit back and listen to the waves crash at night One parking spot  Washer and Dryer  Barbecue Jacuzzi Kitchen  2 balconies  Wifi  Cable tv We will great you at check in possibly or leave the key for you in a lock box if we aren't available Less then one Mile to the beach  Safe neighborhood Uber and taxis  Bike ride away to the beach,t,f,2016-08-22,f,33.87080236182665,-118.38713506376916,Luxury Master Bedroom with own bath,1.0,https://a0.muscache.com/im/pictures/ac26652e-84a6-47ef-962f-34bcd29f3784.jpg?aki_policy=small,90278.0,1.0,1.0;;;;
3666681,5.010635294096256,Apartment,Private room,{},1.0,1.0,Real Bed,flexible,False,Boston,Normal,t,f,2016-03-20,f,42.34271902042812,-71.07979046242194,South End Apartment,1.0,https://a0.muscache.com/im/pictures/16cc4954-cfb2-4e17-800f-ce846b0ea153.jpg?aki_policy=small,2118.0,1.0,1.0;;;;
15775189,4.0943445622221,Apartment,Private room,{},2.0,1.0,Real Bed,flexible,True,LA,Pool access... BBQ.... Gym.... In apartment laundry.... WiFi.... Cable....,t,t,2016-07-03,f,34.09365363209219,-117.73058035609075,Nice bedroom with personal bathroom,3.0,https://a0.muscache.com/im/pictures/bb73c01b-dd64-46dc-8e2c-866a160ceb28.jpg?aki_policy=small,91711.0,1.0,1.0;;;;
10115466,4.605170185988092,Apartment,Private room,{},2.0,,Real Bed,flexible,False,NYC,VERY AFFORDABLE,t,f,2014-06-05,f,40.762670272916594,-73.98529426939874,LOVELY 2BR TIMES SQ APARTMENT,0.0,https://a0.muscache.com/im/pictures/be075c22-6b89-4961-80c4-6370b49e56cb.jpg?aki_policy=small,10019.0,1.0,;;;;
6131818,4.584967478670572,Apartment,Private room,{},2.0,1.0,Real Bed,flexible,False,LA,Right by great shopping in melrose and incredible bars on Santa Monica Blvd.  Must love dogs. I have two that are very love able.   Comfortable room with free wifi and laundry.,t,f,2014-09-05,f,34.07937503476634,-118.35865005988664,Home in the middle of it all!! ,0.0,,90036.0,1.0,1.0;;;;
13270724,3.688879454113936,House,Private room,{},2.0,1.0,Real Bed,flexible,True,LA,如家一般的感觉,t,f,2017-01-11,t,33.985032364129765,-117.94326490537593,半山独立屋，闹中取静，生活便利,0.0,,91745.0,1.0,2.0;;;;
6438705,3.3672958299864737,Apartment,Shared room,{},1.0,1.0,Real Bed,strict,True,LA,Comfy couch close to everything,t,t,2013-03-08,t,34.068549732353056,-118.28686378408672,Comfy couch close to everything LA,8.0,https://a0.muscache.com/im/pictures/d0eedbc2-f07e-4d5d-a7ad-c31916e3c394.jpg?aki_policy=small,90020.0,1.0,1.0;;;;
7320353,5.521460917862246,Apartment,Shared room,{},1.0,1.0,Airbed,flexible,False,SF,SF Room,t,f,2013-02-20,f,37.79457622659306,-122.42617214145494,SF Room,1.0,https://a0.muscache.com/im/pictures/95476796/f216cd54_original.jpg?aki_policy=small,94109.0,1.0,1.0;;;;
20673030,5.703782474656202,Camper/RV,Entire home/apt,{},2.0,,Real Bed,strict,True,LA,Fully renovated Vintage trailer perched on the roof top of a downtown artist loft is available for a one of a kind travel experience!  ,t,f,2012-09-27,f,34.04159990320227,-118.23603063786436,1952 Vintage Rooftop Trailer ,29.0,https://a0.muscache.com/im/pictures/10323699/39121f81_original.jpg?aki_policy=small,90013.0,1.0,1.0;;;;
4154042,4.382026634673881,House,Private room,{},2.0,1.0,Real Bed,flexible,False,LA,Outdoor  Shared indoors Eclectic Unique Flexible Close to everything,t,t,2013-02-12,f,34.11669666526302,-118.3211685969507,Hollywood sign oasis,0.0,https://a0.muscache.com/im/pictures/22915459-423f-41a6-959a-57b1c65d1ee7.jpg?aki_policy=small,90068.0,1.0,1.0;;;;
8146498,4.31748811353631,House,Private room,{},1.0,1.0,Real Bed,flexible,True,DC,Our beautiful recently renovated house has a room with shared bathroom. It is super sunny with tons of Windows and closet space. The common areas are also warm welcoming and big enough to hang out with lots of character. There is a friendly dog in the house.,t,t,2013-08-04,f,38.95010288578871,-77.02026316494566,Private Room w/shared bathroom,0.0,https://a0.muscache.com/im/pictures/b56c30f6-13aa-4669-838f-b2e9f9766f20.jpg?aki_policy=small,20011.0,1.0,1.0;;;;
7548108,4.605170185988092,Boat,Entire home/apt,{},4.0,1.0,Real Bed,strict,True,NYC,stay aboard a sailboat,t,f,2011-09-12,t,40.84883793943792,-73.78227587249019,Stay aboard  a sailboat,0.0,https://a0.muscache.com/im/pictures/15f33093-3002-401b-84e4-69157c25cc8f.jpg?aki_policy=small,10464.0,1.0,3.0;;;;
317905,6.309918278226516,House,Entire home/apt,{},4.0,1.5,Real Bed,strict,False,DC,Howard Rental,t,t,2014-07-23,f,38.92541341786972,-77.02357957813598,Event Rental,0.0,,20001.0,1.0,1.0;;;;
5928742,4.700480365792417,Apartment,Shared room,{},1.0,1.0,Real Bed,flexible,False,NYC,...,t,t,2015-01-27,t,40.85960602582833,-73.8903074446325,Fm,0.0,https://a0.muscache.com/im/pictures/5a7e222b-a944-4d9d-8e83-fd797abe50e4.jpg?aki_policy=small,10458.0,1.0,1.0;;;;
18506665,5.634789603169249,House,Private room,{},1.0,1.0,Real Bed,flexible,False,LA,You can have our guest room. Single guest only,t,f,2016-07-27,f,33.76000120612101,-118.13136335351176,Spacious home in long beach,0.0,https://a0.muscache.com/im/pictures/49ebd007-88f3-44e8-9614-7a97bd08fe04.jpg?aki_policy=small,90803.0,1.0,1.0;;;;
1278784,3.912023005428147,House,Private room,{},2.0,1.0,Real Bed,flexible,True,LA,Comfy Private Room near LA w Queen Bed,t,f,2016-09-04,f,33.91034374871024,-118.08207147929843,Cozy Private Room Near LA,0.0,https://a0.muscache.com/im/pictures/d8454498-921d-4703-818e-27d16fd55c06.jpg?aki_policy=small,90650.0,1.0,1.0;;;;
752202,5.288267030694535,Apartment,Private room,{},2.0,1.0,Real Bed,flexible,False,NYC,Good area respect neighbor good for business person ,f,f,2013-12-24,f,40.8267962447618,-73.90507111955662,Quiet and comfortable room spacious,0.0,https://a0.muscache.com/im/pictures/29692352/2046f89a_original.jpg?aki_policy=small,10456.0,1.0,1.0;;;;
17388109,4.477336814478207,Apartment,Entire home/apt,{},3.0,1.0,Real Bed,flexible,False,NYC,Great space with super high ceilings! Tastefully decorated. Studio with one bed. Shared bathroom with one other tenant.,t,t,2014-07-19,f,40.69525786300277,-73.95061932869056,Bohemian artist studio brownstone,12.0,https://a0.muscache.com/im/pictures/100069375/ee9d6e45_original.jpg?aki_policy=small,11206.0,1.0,1.0;;;;
16374702,5.926926025970412,Apartment,Entire home/apt,{},5.0,1.0,Real Bed,flexible,False,NYC,(URL HIDDEN) 2 bedroom (2 queen and sofa bed),t,f,2013-01-03,f,40.77555531282356,-73.95244931615376,Upper East Side Apatments,0.0,https://a0.muscache.com/im/pictures/59452428/acfbaeb0_original.jpg?aki_policy=small,10028.0,2.0,2.0;;;;
13125091,5.298317366548036,Apartment,Entire home/apt,{},7.0,2.0,Real Bed,flexible,False,NYC,15 min from JFK 15 min from Manhattan 10 min from Laguardia  Within minutes of Queens Biggest Mall 100 yards from all facilities and shopping needs on Grand Avenue  Brand new with Free cable and wifi  70 -  200 Dollars a night  Min stay 4 nights Wifi cable,t,f,2013-09-19,f,40.72508782386621,-73.89687431816337,4 bedroom 2Bath apt Maspeth Queens,12.0,https://a0.muscache.com/im/pictures/24157298/edfd7140_original.jpg?aki_policy=small,11378.0,4.0,4.0;;;;
27028,5.1647859739235145,Bed & Breakfast,Private room,{},1.0,1.0,Real Bed,flexible,False,SF,nice,t,f,2017-02-10,t,37.79163897141081,-122.40052354646458,space,0.0,https://a0.muscache.com/im/pictures/9070cc77-fb18-4ac5-b6ce-5b2059dba228.jpg?aki_policy=small,94104.0,0.0,1.0;;;;
4565981,4.442651256490317,Apartment,Private room,{},2.0,1.0,Real Bed,flexible,True,SF,Super convenient location just above Borderlands cafe and bookstore. Say hello to the Transamerica Pyramid and watch Valencia go by on our balcony (with my succulents).,t,t,2013-03-19,f,37.7599350828015,-122.42055750674824,Comfy Valenica Street bedroom,0.0,https://a0.muscache.com/im/pictures/03292fda-2c8c-4faa-8685-85ca4e38b889.jpg?aki_policy=small,94110.0,1.0,1.0;;;;
8825297,4.787491742782046,Apartment,Private room,{},2.0,1.0,Real Bed,strict,False,NYC,Access to cable TV & Wifi ,t,f,2014-04-24,f,40.69164274040965,-73.92841822683928,COZY APT IN PREWAR BUILDING,0.0,https://a0.muscache.com/im/pictures/51686429/31065886_original.jpg?aki_policy=small,11221.0,1.0,1.0;;;;
6431931,4.442651256490317,Apartment,Shared room,{},1.0,,Airbed,moderate,False,LA,deleted,f,f,2008-08-30,f,33.984639546267715,-118.44006361584056,deleted,0.0,https://a0.muscache.com/im/pictures/4627/caa93d2d_original.jpg?aki_policy=small,90292.0,1.0,1.0;;;;
12036625,4.553876891600541,House,Private room,{},1.0,1.0,Futon,flexible,False,LA,3 Bedroom house to share with 2 Males. Very charming house in a great neighborhood! Renting out one bedroom. 1 1/2 miles from Venice Beach!,t,f,2015-03-16,f,34.011515915031644,-118.44993887065608,House to Share,0.0,https://a0.muscache.com/im/pictures/70712289/be5306ac_original.jpg?aki_policy=small,90066.0,1.0,1.0;;;;
19389707,5.1929568508902095,House,Private room,{},2.0,0.5,Real Bed,flexible,False,LA,great safe are near shopping.malls and beaches.public transportation,t,f,2014-01-28,f,33.80542657575653,-118.2932285921514,nice suburban home ,0.0,,90710.0,1.0,1.0;;;;
14647698,5.6167710976665735,Apartment,Private room,{},2.0,1.5,Real Bed,flexible,False,Boston,This is the best location in Boston hands down.  Steps away from Newbury Street/Esplanade exactly where the fireworks go off.  You cannot beat the peace and quiet while being steps away from the hustle and bustle.,t,f,2015-07-02,f,42.35292393562992,-71.08080354812249,Private Room Back Bay,0.0,https://a0.muscache.com/im/pictures/90355550/38d5bb32_original.jpg?aki_policy=small,2116.0,1.0,1.0;;;;
12000916,5.105945473900579,House,Private room,{},2.0,1.0,Real Bed,flexible,False,LA,Access to main bathroom. Guest bathroom has a shower but it doesn't work.,t,f,2016-10-08,f,33.843851767147854,-118.1663440114063,Attic Bedroom w/ guest bathroom,0.0,https://a0.muscache.com/im/pictures/466c7405-ac68-4e2b-a384-a3205c865104.jpg?aki_policy=small,90807.0,1.0,1.0;;;;
20557463,6.1092475827643655,House,Entire home/apt,{},6.0,3.0,Real Bed,flexible,False,LA,Nice 3 bedroom/2 bath house with a separate guesthouse with bath. Pool and garden.,t,t,2014-03-31,f,34.04986120275701,-118.52147294020102,Paradise in the Palisades,0.0,,90272.0,4.0,4.0;;;;
5360997,6.907755278982138,Apartment,Shared room,{},1.0,1.0,Real Bed,flexible,False,NYC,Studio apartment with couch. Away during the day,t,f,2011-01-21,t,40.69143339899932,-73.9924073353706,Shared Studio,0.0,https://a0.muscache.com/im/pictures/0ecb8a5d-7b60-408e-b946-c17cd9df5081.jpg?aki_policy=small,11201.0,1.0,1.0;;;;
5816154,5.6524891802686525,Apartment,Entire home/apt,{Essentials},3.0,1.0,Real Bed,strict,True,LA,Soaring ceilings and open floor plan with beautiful view of the Hollywood hills! Very unique! 1 bedroom 1 bathroom with wrap around floor to ceiling Windows.... Walking distance to everything! Can't beat the location! Just south of sunset and east of lacienega Blvd,t,t,2013-05-09,f,34.093164420663285,-118.37131406817365,Cecil B. DeMille built 20's apt!,5.0,https://a0.muscache.com/im/pictures/a83231ff-d8bd-4b27-8d6b-7d73d88f78f5.jpg?aki_policy=small,90069.0,1.0,1.0;;;;
8133891,4.691347882229144,Apartment,Private room,{},2.0,1.0,Real Bed,strict,False,LA,Right in the heart of Long Beach you will find a nice room. If it's just for one night or a whole month you will enjoy your stay. Close to LB and LAX airports,t,f,2016-09-02,f,33.79513144695318,-118.17523924046417,Small but comfy clean room,0.0,https://a0.muscache.com/im/pictures/8bad0286-d464-4ec1-a5ca-8c0444accbe3.jpg?aki_policy=small,90806.0,1.0,1.0;;;;
15508674,5.703782474656202,House,Private room,{},3.0,1.0,Real Bed,flexible,True,SF,One queen bed and one sleeper sofa in room and use of kitchen 3 blocks from famous Lombard crooked street.  8 blocks from Fisherman's Wharf Bathroom and kitchen Russian hills is an  upscale neighborhood with many restaurants and shops. 8 San Francisco Muni bus lines within 2 blocks.  Silicon valley buses within 2 blocks.,t,t,2010-08-09,f,37.798620103214176,-122.42137202577284,1 bedroom in Edwardian Russian Hill,0.0,https://a0.muscache.com/im/pictures/49163158/18ac49bb_original.jpg?aki_policy=small,94109.0,1.0,2.0;;;;
17656943,5.416100402204419,Other,Shared room,{},1.0,0.0,Couch,flexible,False,Boston,Private parking space in the driveway to go with your reservation at any of our rooms. Private parking space to go with your reservation at any of our rooms. Guest will have full access to the parking space designated exclusively for your vehicle. You can email me or text me at any time. Safe parking space in a safe neighborhood. Driving time:  Harvard Square - 6 minutes  Airport - 14 minutes  Fenway Park - Red Sox - 12 minutes  Downtown Boston - 14 minutes  Harvard Square - 5 minutes  Aquarium - 15 minutes  North End (Italian district) - 16 minutes  Boston Common Park - 14 minutes  John Hancock Statue Harvard Square - 6 minutes  Kenmore Square - 12 minutes  Allston Restaurant Row - 8 minutes  South Boston Seaport District - 12 minutes  Charlestown Navy Yard - 20 minutes  Museum of Science (Cambridge) 17 Minutes Please do not block other cars.,t,f,2015-01-30,f,42.360686115441936,-71.14150842924266,The Private Parking Space!,0.0,https://a0.muscache.com/im/pictures/106924995/e6c0cabf_original.jpg?aki_policy=small,2135.0,1.0,1.0;;;;
8363399,4.605170185988092,Apartment,Entire home/apt,{},1.0,1.0,Real Bed,flexible,False,LA,Staying Long Beach 97 with friendly people friendly environment,t,f,2016-08-18,f,33.8698277983994,-118.18590942313811,Staying Long Beach nice environment,0.0,https://a0.muscache.com/im/pictures/8180ed90-c0f8-4599-b2e3-1b60f719e920.jpg?aki_policy=small,90805.0,1.0,1.0;;;;
10067924,3.610917912644224,House,Private room,{},2.0,1.0,Real Bed,flexible,False,LA,modern facilities,t,f,2017-04-24,f,33.771089694426784,-118.19298454132584,boyaxiyuan,0.0,https://a0.muscache.com/im/pictures/304eef31-d864-4b10-9c92-5cd9b411a24a.jpg?aki_policy=small,90802.0,1.0,1.0;;;;
12871617,4.382026634673881,House,Private room,{},2.0,2.0,Real Bed,flexible,False,LA,One bedroom,t,f,2015-04-24,f,34.31018503735485,-118.50607830675705,One bedroom,0.0,https://a0.muscache.com/im/pictures/105098058/1e6b4b9a_original.jpg?aki_policy=small,91344.0,1.0,4.0;;;;
794427,3.80666248977032,House,Shared room,{},1.0,1.0,Real Bed,flexible,False,NYC,Our homey CrashPad provides clean a comfortable accommodations for Airline pilots and flight attendants since April '11 Mzmclbaxz,t,f,2016-03-19,f,40.70375404941616,-73.83040402189913,CrashPadsUSA for Airline Crew. Nightly HOTBEDS,3.0,https://a0.muscache.com/im/pictures/5a94ceeb-568b-4d43-a190-49758edae349.jpg?aki_policy=small,11415.0,1.0,6.0;;;;
16673640,4.553876891600541,Apartment,Entire home/apt,{},2.0,1.0,Real Bed,flexible,False,LA,A great little one bedroom with full kitchen in the heart of West Hollywood CA  centrally located for convenience and access to all of the important LA locations.  Near Santa Monica  Hollywood and Beverly Hills.,t,f,2016-08-30,f,34.076267239470205,-118.38565019440566,Great one bedroom in W Hollywood!,7.0,https://a0.muscache.com/im/pictures/9f093cf7-71da-4bdf-bc89-b88f030854a8.jpg?aki_policy=small,90048.0,1.0,1.0;;;;
1036276,4.574710978503383,Apartment,Private room,{},2.0,1.0,Real Bed,flexible,False,NYC,Comfortable private room in a two bedroom apartment. The bathroom is shared with the other roommate.,t,f,2015-02-17,f,40.72685851310155,-74.00151431003087,Private Room in Soho,0.0,,10012.0,1.0,1.0;;;;
19163361,3.555348061489413,House,Shared room,{},1.0,1.0,Real Bed,flexible,False,LA,A spare bed in the living room not too far from CSULB,t,f,2016-08-27,f,33.85420683329347,-118.12245795974115,Spare Bed in Lakewood,0.0,https://a0.muscache.com/im/pictures/8641bf4e-34fe-419f-a512-e0408afc763d.jpg?aki_policy=small,90713.0,1.0,1.0;;;;
21134697,4.605170185988092,House,Private room,{},2.0,1.0,Real Bed,flexible,False,LA,Beach house getaway with ocean and bay views and access.,t,f,2016-08-22,f,33.749455007602144,-118.12575192881022,1BD beach house on the Peninsula,0.0,,90803.0,1.0,1.0;;;;
1939655,5.010635294096256,Apartment,Private room,{},2.0,1.0,Real Bed,flexible,False,LA,Signal Hill living in Long Beach next to Home Depot next to the freeway convenient,t,f,2016-06-03,f,33.79127410065416,-118.1647953526473,Signal Hill living Long Beach,0.0,https://a0.muscache.com/im/pictures/e31b9e59-9f88-4519-8d81-8ef8cbfb0b09.jpg?aki_policy=small,90755.0,1.0,1.0;;;;
2954320,5.6167710976665735,Condominium,Entire home/apt,{},1.0,1.0,Real Bed,flexible,False,Boston,Newly renovated condo in managed building with concierge located on waterfront of Boston's Northend.,t,f,2016-06-20,f,42.366226191464136,-71.05225031339678,Waterfront Northend Condo,0.0,https://a0.muscache.com/im/pictures/12997a85-3f5a-4ed1-8ac4-a3c7e284cf86.jpg?aki_policy=small,2109.0,1.0,2.0;;;;
2830518,3.828641396489095,House,Private room,{},2.0,1.0,Real Bed,flexible,False,LA,broadband cable t v,t,f,2017-04-29,f,33.77101386736229,-118.19320785873067,lnk garden,0.0,https://a0.muscache.com/im/pictures/3ec42be4-486e-400f-bdd6-a107af8485ce.jpg?aki_policy=small,90802.0,1.0,1.0;;;;
7499960,4.605170185988092,Apartment,Private room,{},2.0,1.0,Real Bed,flexible,False,LA,One bedroom on the peninsula in an apartment. Few steps from the water. Access to kitchen and wifi.,t,f,2015-02-11,f,33.751568909047734,-118.12731035834076,1 BD on the peninsula,0.0,,90803.0,1.0,1.0;;;;
4621618,5.220355825078324,Apartment,Private room,{},2.0,1.0,Real Bed,flexible,False,NYC,This extremely large artsy room is comfortable and perfect for 2 or 1. It's very relaxed and low key and is very stylish. Located 3 blocks from the AC & 1 trains and has a beautiful view of the George Washington Bridge,t,f,2013-11-29,f,40.84380483424745,-73.94367911699446,Amazing View From Large Bedroom ,0.0,https://a0.muscache.com/im/pictures/54371013/3278a48a_original.jpg?aki_policy=small,10032.0,1.0,1.0;;;;
16148051,2.302585092994046,Apartment,Private room,{},1.0,1.0,Real Bed,flexible,False,SF,jkl,t,t,2013-09-24,t,37.77124254710093,-122.40563971252442,jkl,0.0,https://a0.muscache.com/im/pictures/a6969d8c-d953-47f5-831d-be92623b77bb.jpg?aki_policy=small,94103.0,0.0,1.0;;;;
8981705,3.2958368660043287,Apartment,Shared room,{},1.0,1.0,Real Bed,flexible,False,LA,Really comfy spot by Mt Sac! Wifi and bathroom is shared looking forward to meet clean respectful people. Any questions please ask,t,f,2016-10-17,f,34.04359555705281,-117.85104660858808,Comfy couch in Walnut,0.0,https://a0.muscache.com/im/pictures/0e26a3f1-76c6-4c47-a78f-3c3410ec8df9.jpg?aki_policy=small,91789.0,1.0,1.0;;;;
10075450,4.4998096703302615,House,Shared room,{},1.0,1.0,Real Bed,strict,False,LA,Its one min from the airport around the corner from cvs food bar arera beach 10 min come join and live private,t,f,2016-02-21,t,33.946880730592675,-118.35152396492308,We love airbnb,1.0,https://a0.muscache.com/im/pictures/d50a2bc0-71ec-4c44-878d-c53b9768ec7c.jpg?aki_policy=small,90301.0,1.0,1.0;;;;
11817975,5.521460917862246,Apartment,Entire home/apt,{},6.0,2.0,Real Bed,flexible,False,NYC,UES on 90th BTW 2/3,t,t,2013-08-17,f,40.780805016341546,-73.95044975657659,UES,0.0,https://a0.muscache.com/im/pictures/27757976/fb7edea6_original.jpg?aki_policy=small,10128.0,3.0,2.0;;;;
6576327,4.605170185988092,Apartment,Private room,{},2.0,1.0,Real Bed,flexible,False,NYC,This is a spacious and bright queen size bedroom. The apt will be share with one of the owner who would mostly be out of the apt,t,f,2017-02-16,f,40.707437073094574,-74.00546797884734,Spacious queen size bedroom,0.0,https://a0.muscache.com/im/pictures/0119ab9b-67b0-4a4f-8ec8-922c70e0365f.jpg?aki_policy=small,10038.0,1.0,1.0;;;;
16722856,4.700480365792417,Apartment,Private room,{},1.0,2.5,Real Bed,flexible,False,LA,Two bedroom townhouse in the heart of Hollywood. You have one parking spot in a gated garage. Your own private master suit with access to common area and private bathroom. You must be clean and quite. Happy and pretty inside and out. ,t,t,2012-10-18,f,34.09808583791186,-118.34484366164094,Cathedral Ceilings and Canyon Views,0.0,https://a0.muscache.com/im/pictures/43538405/11b3a764_original.jpg?aki_policy=small,90046.0,1.0,2.0;;;;
8569066,4.605170185988092,Parking Space,Shared room,{},1.0,,Real Bed,flexible,False,LA,outside parking in open yard. car parking only. grass yard with multiple trees. note: cats on property.,t,f,2012-01-19,f,34.01215649335286,-118.08458917821086,parking space in pico rivera neigbo,0.0,https://a0.muscache.com/im/pictures/3490438/b4521682_original.jpg?aki_policy=small,90660.0,1.0,1.0;;;;
16686337,3.688879454113936,Apartment,Private room,{},1.0,1.0,Real Bed,flexible,False,NYC,This spacious apartment is two floors with abundant natural light and clean interiors. It is located 4 blocks away from the G train that will take you North /South of Brooklyn and to all major metro lines.,t,t,2015-06-23,f,40.69360301565546,-73.94653231527347,Bed-stuy belle,1.0,https://a0.muscache.com/im/pictures/89004686/6aea5a90_original.jpg?aki_policy=small,11206.0,1.0,1.0;;;;
18584402,4.787491742782046,Apartment,Private room,{},2.0,1.5,Real Bed,flexible,False,LA,Cozy afforable 2 bd apt full house privileges mins to downtown la beaches and mountains too magic mountain 15 min drive.  Relaxing gett away from the city Full house privileges except master bedroom I will be in annd out  Friendly neighbors Plenty of buses and cabs,t,f,2014-10-11,f,34.297760832913106,-118.43402868671627,Cozyy n Afordable place,0.0,https://a0.muscache.com/im/pictures/54262485/46bd6495_original.jpg?aki_policy=small,91340.0,1.0,1.0;;;;
6452132,5.010635294096256,House,Private room,{},2.0,1.0,Real Bed,flexible,False,LA,Fresh accommodations and coffee along with immediate access to public transportation,t,f,2016-10-01,f,33.879736768390835,-118.14662372210536,Backhouse with privacy,0.0,https://a0.muscache.com/im/pictures/a1253de9-1975-45ce-9ad6-c8a59a87d7ea.jpg?aki_policy=small,90706.0,1.0,1.0;;;;
16665977,3.6375861597263857,House,Private room,{},2.0,1.0,Real Bed,strict,True,LA,高贵别致的house､红木沙发､国际富安娜床上用品……｡近有医疗大楼､公园丶大卖场丶超市丶餐馆丶邮局丶银行丶图书馆丶幼儿园等｡方便又安全安静安逸的环境使您有宾至如归感觉!,t,f,2015-12-08,t,33.97635037998782,-117.8892270783021,舒适大雅房,1.0,,91748.0,1.0,1.0;;;;
15680961,5.068904202220232,Bed & Breakfast,Private room,{},1.0,1.0,Real Bed,flexible,False,SF,nice,t,f,2017-02-10,t,37.79243929540055,-122.39381909966478,space,0.0,https://a0.muscache.com/im/pictures/93fec539-4e2f-4da9-8e9e-80890f97c1fb.jpg?aki_policy=small,94105.0,0.0,1.0;;;;
862890,3.688879454113936,House,Private room,{},1.0,1.0,Real Bed,flexible,True,LA,Private room and bath,t,t,2013-12-20,f,34.28555075901281,-118.4961746886446,Beautiful house on the golf course,0.0,,91344.0,1.0,1.0;;;;
3732441,5.1647859739235145,Apartment,Private room,{},2.0,1.0,Real Bed,flexible,False,NYC,In the most exciting City in the world your closest neighbors are the Falcons raccoons of Central Park. Unfettered views from every window. Brilliant sunshine all day. Magical walking Adventures right outside the door to Central Park.,t,t,2011-06-06,t,40.80034374399551,-73.95940654798305,Sunshiney Urban Forest Front,0.0,https://a0.muscache.com/im/pictures/2b630720-77f0-43da-98a4-3a3f00a8ca44.jpg?aki_policy=small,10025.0,1.0,1.0;;;;
4628603,4.605170185988092,Apartment,Private room,{},1.0,1.0,Real Bed,flexible,False,LA,Wonderful for a single professional. Full access to kitchen. Private bedroom and bathroom. ,t,t,2015-01-28,f,34.149716064823735,-118.40483790106876,Great One Bedroom and Private Bath,0.0,https://a0.muscache.com/im/pictures/71986844/5705fdd8_original.jpg?aki_policy=small,91604.0,1.0,1.0;;;;
2368133,4.941642422609304,Apartment,Entire home/apt,{},2.0,1.0,Real Bed,flexible,True,LA,兩套房 可當月子專用 微 號 wendy4562 便利性 Front door,t,t,2015-11-17,f,33.98934047865789,-117.91622848745617,Perfect apartment 孔雀園 Rowland heigh,0.0,https://a0.muscache.com/im/pictures/91bc8cf8-d3cb-4448-9b4d-29ed9fbb034a.jpg?aki_policy=small,91748.0,1.0,1.0;;;;
3713028,6.3818160174060985,Apartment,Entire home/apt,{},4.0,1.0,Real Bed,flexible,False,SF,Its  a large (URL HIDDEN) plaster for u,t,f,2015-12-30,f,37.77556079072304,-122.4201647902634,Welcome for u 5bed,0.0,https://a0.muscache.com/im/pictures/180d7a98-5e30-4374-a6b0-2fc507bf596d.jpg?aki_policy=small,15074.0,1.0,1.0;;;;
4817016,4.382026634673881,Villa,Private room,{},2.0,1.0,Real Bed,flexible,False,LA,美程时光欢迎每一位有缘的朋友入住!,t,f,2017-01-03,f,33.962952724592576,-117.83882090249116,简约温暖的房间,0.0,https://a0.muscache.com/im/pictures/44ab9f98-5472-4626-bfd6-f59c960c2685.jpg?aki_policy=small,91765.0,1.0,1.0;;;;
20915965,6.907755278982138,House,Shared room,{Kitchen},1.0,1.0,Real Bed,flexible,False,Chicago,Dasfdfads,t,f,2017-02-07,f,41.93726317663885,-87.6532253327465,Dfasdfadsf,0.0,https://a0.muscache.com/im/pictures/be319aab-00d6-42fe-b7fd-fe1f0cd8bf7a.jpg?aki_policy=small,60657.0,1.0,1.0;;;;
7651474,4.553876891600541,Apartment,Shared room,{},2.0,1.5,Real Bed,flexible,False,LA,2 bedroom one and a half bath in Gardena next to bars and restaurants,t,t,2016-08-21,f,33.87697578280006,-118.292661075128,Comfortable living in Gardena,0.0,https://a0.muscache.com/im/pictures/cddfa3a1-5c92-4a5d-8395-e39503f1ee7a.jpg?aki_policy=small,90247.0,1.0,1.0;;;;
16025023,5.521460917862246,Apartment,Entire home/apt,{Kitchen},1.0,1.0,Real Bed,flexible,False,NYC,Cosy,t,t,2015-09-09,t,40.76095850956615,-73.95963976820053,Convenient studio,13.0,https://a0.muscache.com/im/pictures/105988335/c460283d_original.jpg?aki_policy=small,10065.0,0.0,1.0;;;;
20002306,5.1647859739235145,House,Private room,{},2.0,1.0,Real Bed,flexible,False,LA,Kitchen and living room access,t,f,2016-10-08,f,33.84145113200726,-118.14752258775108,Small bedroom,0.0,https://a0.muscache.com/im/pictures/235f1d61-a0b2-4328-a533-ef400a304028.jpg?aki_policy=small,90712.0,1.0,1.0;;;;
472376,3.871201010907892,House,Shared room,{},2.0,1.0,Real Bed,strict,True,LA,This is a full size bed in the living room near the French doors to the patio,t,t,2015-09-11,f,34.118207095713025,-118.34402418537192,Sophia's Hollywood Hills Retreat.,2.0,https://a0.muscache.com/im/pictures/c0aaf27d-dc78-4a0e-b3d1-359155558940.jpg?aki_policy=small,90068.0,1.0,1.0;;;;
18460674,5.010635294096256,House,Private room,{},4.0,1.0,Real Bed,flexible,False,LA,A 4 bedroom 2 Bath House 2 minutes from the Long Beach Airport and 2 minutes from the Lakewood mall right off the 405 central location,t,f,2016-10-24,f,33.840361846636235,-118.15575427519516,Cozy Lakewood House,0.0,https://a0.muscache.com/im/pictures/e2c21fbb-8a38-4ce8-8f50-eb3a9962e275.jpg?aki_policy=small,90712.0,1.0,2.0;;;;
9958456,3.8918202981106265,Other,Shared room,{},8.0,1.0,Real Bed,strict,False,LA,WELCOME: Life's a Beach-JOIN US. CENTER OF VENICE BEACH! ALL–YOU–CAN–EAT BREAKFAST!  Relax in room with internet & wi-fi. ALL ROOMS EN SUITE. Enjoy the company of fellow travelers from all over. WOMEN-ONLY & MIXED ROOMS. Let us know: # of women/men. All shared rooms are en suite (their own bathroom). Your bed has a convenience shelf with reading light (underneath) and charging electrical outlet. Your bed has courtesy curtain. There is a cell phone locker to store your important items overnight (only while you are sleeping/in room).  There are additional lockers (school type) in room or in hall if you want to stuff things away (you provide padlock). There is Ethernet in room - you may plug in. There is WI-FI that extends to most rooms. Guests have large commons - meet travelers from all over the world & U.S. There is breakfast provided:  all you can eat waffles / pancakes (make your own); egg & home fries; hot cereal; bread & jam; coffee & tea. Full kitchen:  cook your heart out.  Join ,t,t,2011-10-06,f,33.988704988844674,-118.47152549459337,WOMEN SHARED ROOM in VENICE HOSTEL,11.0,https://a0.muscache.com/im/pictures/82366686/03e7d23b_original.jpg?aki_policy=small,90291.0,1.0,8.0
16932846,4.4998096703302615,House,Private room,{},2.0,1.0,Real Bed,flexible,False,LA,Fresh blankets and blanket's,t,f,2016-09-23,f,33.88719888045197,-118.11435871637455,Spare guest room,0.0,https://a0.muscache.com/im/pictures/12a9db97-328d-4426-a5a0-5e53e0ebf1ca.jpg?aki_policy=small,90706.0,1.0,1.0;;;;
3431378,3.6375861597263857,House,Private room,{},2.0,1.0,Real Bed,flexible,False,LA,Personal bed and couch for the guest!,t,f,2016-10-26,f,34.015522247821195,-118.3983908231116,Culver City Motor Home,0.0,https://a0.muscache.com/im/pictures/b7d5e38d-4ad8-4e02-b910-49af53b48c42.jpg?aki_policy=small,90232.0,1.0,1.0;;;;
17402766,3.7612001156935615,Apartment,Private room,{},2.0,1.0,Real Bed,flexible,False,LA,Couple blocks away from Fox Hills Mall and other entertainment areas,t,f,2016-07-24,f,33.986086972166255,-118.38267067834896,Culver City Apartment complex,0.0,https://a0.muscache.com/im/pictures/30d402ee-f2e4-4cd7-a737-378d92d05365.jpg?aki_policy=small,90230.0,1.0,1.0;;;;
18344448,4.343805421853683,Apartment,Private room,{Essentials},1.0,1.0,Real Bed,flexible,False,SF,test for changing address/ paid photo,t,t,2015-07-11,t,37.77264873195409,-122.40589520753308,Test Listing- Address change and paid photo,0.0,https://a0.muscache.com/im/pictures/3b29d0b9-c33f-4594-89f0-bdf09356d999.jpg?aki_policy=small,94103.0,0.0,1.0;;;;
15744305,4.4998096703302615,House,Private room,{},1.0,1.0,Real Bed,flexible,False,LA,Los Angeles living in beautiful South Central LA,t,f,2016-10-03,f,33.99597902486004,-118.33387681637484,Los Angeles living,0.0,https://a0.muscache.com/im/pictures/bb42df20-62da-44b8-9608-3c1f1ba9b1d8.jpg?aki_policy=small,90043.0,1.0,1.0;;;;
15784603,4.0943445622221,Apartment,Private room,{},2.0,1.0,Real Bed,flexible,False,NYC,On the weekends me and my son are mostly out and we have a spare bedroom in separate wing of the apartment that we don't use and would like to rent out. Email me for more details.,t,f,2015-07-13,f,40.77697191576816,-73.90819840776852,Super sunny and spacious! Privacy!,5.0,https://a0.muscache.com/im/pictures/752a0b62-4e08-421c-b344-db020ab4dc9f.jpg?aki_policy=small,11105.0,1.0,1.0;;;;
610660,2.995732273553992,House,Private room,{},1.0,1.0,Real Bed,flexible,False,LA,Futon couch/bed with remodeled bathroom.,t,f,2016-08-13,f,34.02294502385328,-117.8552907171062,Comfortable Room with Bathroom,0.0,https://a0.muscache.com/im/pictures/0fff64c3-ecb3-4112-a002-393c1b35f0f9.jpg?aki_policy=small,91789.0,1.0,1.0;;;;
10439970,4.787491742782046,Bed & Breakfast,Private room,{},2.0,1.0,Real Bed,flexible,False,DC,Lovely quiet blue room with private bath and closet.   Clawed tub and shower.  In between 2 metro rails stops and active bus line.,t,t,2013-05-01,f,38.93422387977644,-77.02851340541825,Blue Room with Private Bath,0.0,https://a0.muscache.com/im/pictures/31213102/fd0b9ead_original.jpg?aki_policy=small,20010.0,1.0,1.0;;;;
18838712,4.787491742782046,Bed & Breakfast,Private room,{},2.0,1.0,Real Bed,flexible,False,DC,Lovely mauve room with private bath in a great historic home built in 1898.  Walking distance to 2 metro rail stops and active bus line.  Lots of shopping and eating.,t,t,2013-05-01,f,38.93423056992377,-77.02790089998621,Mauve Room-BNB,1.0,https://a0.muscache.com/im/pictures/31276245/8d6fd882_original.jpg?aki_policy=small,20010.0,1.0,1.0;;;;
15040929,5.1647859739235145,House,Private room,{},2.0,1.0,Real Bed,flexible,False,LA,Fresh towels and blankets provided,t,f,2016-10-01,f,33.90185622006952,-118.04377203873194,Private Attic Room,0.0,https://a0.muscache.com/im/pictures/5d2494a4-f8c6-4e2a-ab53-8f5b7e75dd8a.jpg?aki_policy=small,90650.0,1.0,1.0;;;;
20983193,3.80666248977032,House,Entire home/apt,{},1.0,1.0,Real Bed,flexible,False,NYC,Completely clean Close subway station  Kitchen available Is a share room with a very nice guy from Spain Can use all area Close restaurant  Groceries  Stores Subway station  20 min from manhattan 2 blocks from subway station,t,t,2015-07-22,t,40.75363951109031,-73.93311271293365,Amazing share room in astoria,4.0,https://a0.muscache.com/im/pictures/c9cca24b-da73-441d-9925-8fa2ff52008e.jpg?aki_policy=small,11101.0,1.0,1.0;;;;
5499699,4.605170185988092,House,Entire home/apt,{},2.0,1.0,Real Bed,flexible,True,LA,Cozy 1 bedroom house in quiet neighborhood. Nice place to relax and enjoy the succulent garden in the backyard.,t,f,2016-07-08,f,33.79646347177112,-118.27354633950031,Cozy 1 bedroom back house,0.0,,90744.0,1.0,1.0;;;;
11103400,3.4339872044851463,Bed & Breakfast,Private room,{},2.0,1.0,Real Bed,flexible,False,LA,good froor,t,f,2017-04-24,f,33.77066282704631,-118.19468198075776,yichengdongyuan,0.0,https://a0.muscache.com/im/pictures/a6d9f119-da91-4e49-a492-cbc07ffe5b17.jpg?aki_policy=small,90813.0,1.0,1.0;;;;
18175131,3.9318256327243257,Apartment,Shared room,{},2.0,1.0,Real Bed,flexible,False,LA,floor is good daylighting is good,t,f,2017-04-18,t,33.76844818335331,-118.19406426381828,begonia,0.0,https://a0.muscache.com/im/pictures/362919ca-df4b-4616-8dcb-6a77fab0c28c.jpg?aki_policy=small,90802.0,1.0,1.0;;;;
9589030,4.605170185988092,House,Private room,{},2.0,1.0,Real Bed,flexible,False,SF,My boyfriend and I have an extra room downstairs that can fit two people and an extra room on the second floor that can fit one person. We love meeting new people and you will be staying minutes away from public transit.,t,f,2015-01-11,f,37.71143101749916,-122.393519727274,Private bedroom in lovely townhome,0.0,,94134.0,1.0,1.0;;;;
2857464,4.941642422609304,Apartment,Shared room,{},1.0,1.0,Real Bed,flexible,False,LA,Long Beach living next to Whole Foods and the movie theater gotta love it,t,t,2015-11-18,f,33.777929309120395,-118.14684182786448,Long Beach living,0.0,https://a0.muscache.com/im/pictures/73dd139a-be5d-4b87-87a7-5556eb0d2c9f.jpg?aki_policy=small,90804.0,1.0,1.0;;;;
10135104,3.688879454113936,Apartment,Private room,{},1.0,1.0,Real Bed,flexible,False,LA,My place is a one bedroom very cozy with two dogs so if you're an animal lover it's perfect. You can choose to sleep in the bedroom or living room but I prefer bedroom because it closes and leads to hallway and bathroom privately also the dogs like living room,t,f,2016-08-03,f,34.03806481054709,-118.33375578385564,This is a cozy place for one person,0.0,https://a0.muscache.com/im/pictures/cf3dcd86-a183-452d-bb1f-d6cafe08a3b6.jpg?aki_policy=small,90016.0,1.0,1.0;;;;
1185357,4.330733340286331,Bed & Breakfast,Shared room,{},1.0,0.5,Real Bed,flexible,False,LA,bra bra rent,t,f,2014-08-20,f,34.203465394481576,-118.56018125252314,bra bra rent,0.0,https://a0.muscache.com/im/pictures/7ac67955-f86a-4ef1-a063-e9fe6605caec.jpg?aki_policy=small,91335.0,1.0,1.0;;;;
9063972,4.23410650459726,House,Private room,{},2.0,1.0,Real Bed,flexible,False,LA,Very pretty room in a safe and clean neighborhood. And the house has a garden and parking and very close to to shopping areas and parks and 15 mn away from all centers Pretty place very close to everything and there is bars restaurants parks shopping all around Living room  Tv wifi fridge garden ... Friendly quiet and fun,t,f,2016-06-02,f,34.14378341612468,-118.23409795970731,Nice room in a pretty house,0.0,,91205.0,1.0,1.0;;;;
2021742,3.80666248977032,Apartment,Private room,{},2.0,1.0,Real Bed,flexible,False,Chicago,The room is perfect for both couples and solo travellers. Master bedroom in a charming garden apartment in a historic Chicago house. Guests would share the family bathroom with one other person who lives in the apartment. Three minute walk to 172 bus which goes to the University of Chicago campus. Also located next to Whole Foods and many other restaurants and shops. Internet access and TV included.,t,f,2015-12-25,f,41.8022472593244,-87.59256060652443,Large & Charming Private Room,1.0,https://a0.muscache.com/im/pictures/c201c533-6920-4b88-9543-de4c45d109dc.jpg?aki_policy=small,60615.0,1.0,1.0;;;;
14935220,4.248495242049359,House,Private room,{},1.0,1.0,Real Bed,flexible,False,LA,A room with a view of the back yard pool,t,f,2012-12-24,t,34.14210608546661,-118.21075106896306,Spanish villa revival,0.0,,90041.0,1.0,1.0;;;;
11360854,3.80666248977032,House,Private room,{},2.0,1.0,Real Bed,flexible,False,LA,cas pipeline,t,f,2017-04-29,f,33.77055750049851,-118.19492186969369,jianguo apartment,0.0,https://a0.muscache.com/im/pictures/3d96b475-a8ea-4606-ba57-62de397af23a.jpg?aki_policy=small,90802.0,1.0,1.0;;;;
7619767,4.31748811353631,House,Private room,{},1.0,1.0,Real Bed,flexible,False,DC,Rooms available for rent located in beautiful home in Petworth. Family oriented block surrounded by specialty stores and restaurants! Close to the metro!!,t,f,2015-09-08,f,38.94157268043682,-77.01495060890099,Cozy and Comfortable in Petworth,1.0,https://a0.muscache.com/im/pictures/173286f3-598a-48a2-9597-7ff2ebdd4d7d.jpg?aki_policy=small,20011.0,1.0,1.0;;;;
4720789,4.442651256490317,Bed & Breakfast,Private room,{},1.0,1.0,Real Bed,flexible,False,LA,One bedroom with parking,t,f,2017-01-16,f,34.07889682566501,-118.13890442957384,Amazing master bedroom with parking,0.0,https://a0.muscache.com/im/pictures/ca042119-8aa0-40d4-b1e8-d01886cf1049.jpg?aki_policy=small,91803.0,1.0,1.0;;;;
10478114,3.4657359027997265,Apartment,Shared room,{},1.0,1.0,Real Bed,flexible,False,LA,Comfortable spot open to friendly respectful travelers only. Tv and wifi available any questions ask away!,t,f,2016-09-30,f,33.84224759177953,-118.17542781004794,Cozy Couch open in Long Beach,0.0,,90807.0,1.0,1.0;;;;
55320,5.521460917862246,Loft,Private room,{},1.0,1.0,Real Bed,strict,False,NYC,Lovely room,t,f,2016-10-24,f,40.594917599765175,-73.94995814335451,Lovely room,0.0,https://a0.muscache.com/im/pictures/aeaf12f0-c59d-47a6-9567-e11b86c455dc.jpg?aki_policy=small,11229.0,0.0,1.0;;;;
10802887,4.0943445622221,Dorm,Shared room,{},1.0,1.0,Airbed,flexible,False,SF,Bed in shared dorm,t,f,2013-02-20,f,37.79536130929623,-122.427043599245,Bed in shared dorm,0.0,https://a0.muscache.com/im/pictures/f6ccc05f-88ac-4330-8dee-631767b8e14c.jpg?aki_policy=small,94109.0,1.0,1.0;;;;
5736833,7.438383530044308,Apartment,Private room,{},1.0,1.0,Airbed,flexible,False,NYC,For Carol,t,f,2013-10-29,f,40.72898339677004,-73.98050728400119,Carol,0.0,https://a0.muscache.com/im/pictures/25994425/5886a314_original.jpg?aki_policy=small,10009.0,1.0,1.0;;;;
11319588,5.010635294096256,House,Private room,{},2.0,1.0,Real Bed,flexible,False,LA,Quaint home at the base of the San Gabriel mountains and at the apex of multiple trailheads and hikes!  Would prefer to rent on the weekends but would be open to hosting business oriented individuals during the week.,t,f,2015-07-27,f,34.155234700078005,-117.9934253129173,Small bungalow for couple or family,0.0,https://a0.muscache.com/im/pictures/96230806/a02d3578_original.jpg?aki_policy=small,91016.0,1.0,1.0;;;;
16932674,5.0369526024136295,Apartment,Shared room,{},2.0,1.0,Real Bed,flexible,False,LA,This is a 3bedroom house and you would be renting one of the rooms,t,f,2017-03-17,f,33.88895816690135,-118.12384118096828,Remodeled Home,0.0,https://a0.muscache.com/im/pictures/50f860b4-feb8-4949-bacc-c0601ff86564.jpg?aki_policy=small,90706.0,1.0,1.0;;;;
3291691,5.010635294096256,House,Private room,{},1.0,1.5,Futon,flexible,False,NYC,This is a 3 bedroom home located in a prime area near all shopping and 40 minutes to Manhattan NYC. only clean and responsible who are respectful of others are wanted no smoking is permitted.,t,f,2015-07-04,f,40.61962125565205,-74.0148591342639,cozy and comfortable near all,0.0,https://a0.muscache.com/im/pictures/90862938/31b31251_original.jpg?aki_policy=small,11228.0,1.0,1.0;;;;
1500202,5.010635294096256,House,Private room,{},1.0,1.0,Real Bed,flexible,False,LA,Private room with it's own private bathroom available for rent in house.,t,f,2014-08-17,f,33.99876870168793,-118.4047125696002,Room for Rent for Business Travel,0.0,https://a0.muscache.com/im/pictures/49008369/cada7408_original.jpg?aki_policy=small,90230.0,1.0,1.0;;;;
2632699,4.74493212836325,Apartment,Private room,{},1.0,1.0,Real Bed,flexible,False,LA,Vintage comfortable living in Long Beach,t,t,2016-01-02,f,33.76990263205094,-118.17687808195788,Ready to rest in Long Beach,0.0,https://a0.muscache.com/im/pictures/0db0f2c4-ecca-4b2c-a6ce-498cdaf0e36b.jpg?aki_policy=small,90802.0,1.0,1.0;;;;
13798797,5.521460917862246,Tent,Private room,{},2.0,1.0,Real Bed,flexible,False,NYC,This beautiful loft is located in Brooklyn above the legendary bohemian  bar Goodbye Blue Monday. The loft is Three blocks from the train station in a safe neighborhood. Artists are welcome! The outside patio and roof is great place for a barbecue! This unique apartment has been featured in magazines. ,t,f,2014-07-28,f,40.69403439297497,-73.9297301898748,Beautiful artist loft in Brooklyn,0.0,https://a0.muscache.com/im/pictures/46926420/8d17c7a2_original.jpg?aki_policy=small,11221.0,1.0,1.0;;;;
8496270,5.105945473900579,House,Private room,{},2.0,1.0,Real Bed,flexible,False,LA,Large guest bedroom with laundry access. Towels and blankets will be supplied as well.,t,f,2016-10-15,f,33.83254605613702,-118.26751225434742,Large guest bedroom,0.0,https://a0.muscache.com/im/pictures/94ec93d6-e033-4943-87f0-68fc0bcc9dfb.jpg?aki_policy=small,90745.0,1.0,1.0;;;;
7799689,3.49650756146648,House,Private room,{},2.0,1.0,Real Bed,flexible,False,LA,neat and clean,t,f,2017-04-23,f,33.77087061185558,-118.19311876832886,taiyangxingcheng,0.0,https://a0.muscache.com/im/pictures/c260bc2d-3d67-4f37-a3f7-03cffe5837e7.jpg?aki_policy=small,210.0,1.0,1.0;;;;
18212746,5.703782474656202,Apartment,Entire home/apt,{},2.0,1.0,Real Bed,flexible,False,NYC,Spend Xmas-NYRs 2013 in the nicest 1BR apartment overlooking Central Park/NYC ,t,t,2013-08-17,f,40.7846757527237,-73.97137439504023,Best Central Park/NYC View Apt,0.0,https://a0.muscache.com/im/pictures/27277190/a161137b_original.jpg?aki_policy=small,10024.0,1.0,1.0;;;;
17419253,4.59511985013459,House,Private room,{},2.0,1.0,Real Bed,flexible,True,LA,Comfortable room with true city feeling and quite street. 2 min to bus stop 5 min to restaurants and 10 min to Santa Anita race track in Arcadia.  And shopping mall.,t,f,2015-03-12,t,34.14061351274612,-117.94837719203557,Cozy king size bed with parking.,0.0,https://a0.muscache.com/im/pictures/8711c4f2-ed3d-465e-8d5a-1a97bd0891b3.jpg?aki_policy=small,91010.0,1.0,1.0;;;;
18005200,5.010635294096256,House,Private room,{},2.0,1.0,Real Bed,flexible,False,LA,Fresh accommodations including coffee,t,f,2016-10-01,f,33.82292259450694,-118.2640720542423,Spare room with full house access,0.0,https://a0.muscache.com/im/pictures/73554f58-6232-4d74-a3db-fd989a4d2556.jpg?aki_policy=small,90745.0,1.0,1.0;;;;
10988716,4.941642422609304,Apartment,Private room,{},1.0,1.0,Real Bed,flexible,False,LA,Long Beach living very comfortable cozy,t,t,2015-06-14,f,33.770059672737354,-118.15151063895632,Long Beach style,0.0,,90814.0,1.0,1.0;;;;
16337294,3.912023005428147,Apartment,Shared room,{},1.0,1.0,Real Bed,flexible,True,LA,Crate and barrel comfy couch in Santa Monica.,t,t,2015-08-10,f,34.01975678291383,-118.48999920704736,Comfy couch just blocks from beach,0.0,,90405.0,1.0,1.0;;;;
9297230,4.787491742782046,Apartment,Entire home/apt,{},1.0,1.0,Real Bed,flexible,False,LA,Great place to stay,t,t,2013-01-14,f,34.094481390854874,-118.27408366613555,Apartment in Los Angeles,1.0,https://a0.muscache.com/im/pictures/14bc7c9f-0a2d-46ad-a6b8-ec04c7e0938c.jpg?aki_policy=small,90026.0,1.0,1.0;;;;
13711558,3.737669618283368,Apartment,Private room,{},2.0,1.0,Real Bed,flexible,False,LA,My place is close to restaurants and dining and nightlife.,t,f,2016-11-28,t,33.90728644864138,-118.2368170209726,Compton CA LIVING ROOM,0.0,https://a0.muscache.com/im/pictures/38627864-56e2-4a2b-b850-ab1cd1f101a3.jpg?aki_policy=small,90222.0,1.0,2.0;;;;
12609202,4.174387269895637,House,Shared room,{},2.0,1.0,Real Bed,flexible,False,NYC,Nice and comfortable bedroom in a safe and quite neighborhood. Walking distance from public transportation.,t,t,2016-04-01,f,40.6998564166487,-73.75473696624843,Charming vantage room,10.0,https://a0.muscache.com/im/pictures/8a6211ae-8fdc-42a5-88e8-5af3c1845608.jpg?aki_policy=small,11412.0,1.0,1.0;;;;
15806622,5.583496308781699,House,Entire home/apt,{Essentials},12.0,4.5,Real Bed,strict,True,NYC,Exclusive big home for vacation,t,f,2017-08-05,f,40.76141468083826,-73.72108729618641,Mansion for vacation,1.0,https://a0.muscache.com/im/pictures/684e019c-a810-4359-80a5-d0aa8dfa3fc3.jpg?aki_policy=small,,7.0,7.0;;;;
19608042,5.298317366548036,Apartment,Entire home/apt,{},2.0,1.5,Real Bed,flexible,True,LA,Beautiful townhouse on historic block in west Hollywood. Tucked away in the back of a charming courtyard. Steps from Chateau Marmont and sunset plaza this location is ideal but feels removed from all of the excitement for when you want to get away but easily accessible.,t,t,2012-06-29,f,34.09441746380412,-118.36820593790377,Historic Hollywood Spanish Townhome,0.0,,90046.0,1.0,1.0;;;;
640128,3.9318256327243257,Apartment,Private room,{},1.0,1.0,Real Bed,strict,True,NYC,1 bedroom available in 6 bedroom artisan apartment at 146th and Broadway. Half a block from the 1 train & riverbank park.,t,f,2012-02-02,f,40.82800011603264,-73.9494929214749,1 bedroom by Riverbank Park,17.0,https://a0.muscache.com/im/pictures/53660089/34f04307_original.jpg?aki_policy=small,10031.0,1.0,1.0;;;;
8885567,5.703782474656202,House,Private room,{},1.0,1.0,Real Bed,flexible,False,SF,Furnished room to rent,t,f,2016-01-29,f,37.74714771778915,-122.49438622560535,Wonderful room in sunset district,0.0,https://a0.muscache.com/im/pictures/c38f4e02-7d72-408c-9dfe-0ab0c85b6439.jpg?aki_policy=small,94116.0,1.0,1.0;;;;
13979095,3.912023005428147,Villa,Private room,{},5.0,2.5,Real Bed,flexible,False,LA,高档美式豪华洋房,t,f,2015-06-30,f,33.995860018928475,-117.93987735389288,美式洋房,2.0,,91745.0,2.0,3.0;;;;
12566383,6.620073206530356,Apartment,Entire home/apt,{},5.0,1.0,Real Bed,flexible,False,NYC,$750 / 1br - 600ft² - SUPER BOWL RENTAL NYC GREAT LOCATION (Upper West Side) 72ND at COLUMBUS 1BR / 1Ba 600ft2 apartment laundry in bldg street parking wheelchair accessible  SPACIOUS ONE BEDROOM APARTMENT ONLY 20 MINUTES FROM MET LIFE STADIUM,t,f,2014-01-27,f,40.77859118232585,-73.97964179447605,SUPER BOWL RENTAL NYC LOW PRICE,0.0,https://a0.muscache.com/im/pictures/30663656/9a90d0b2_original.jpg?aki_policy=small,10024.0,1.0,1.0;;;;
4858023,4.4998096703302615,House,Private room,{},2.0,1.0,Real Bed,flexible,False,LA,Private room with bathroom access,t,f,2016-09-24,f,33.8320801608341,-118.08260287910286,Fresh blankets and fresh towels,0.0,https://a0.muscache.com/im/pictures/d96663f1-a67a-4e82-b7e1-779a92790333.jpg?aki_policy=small,90715.0,1.0,1.0;;;;
16283389,4.787491742782046,Apartment,Shared room,{},4.0,2.0,Real Bed,flexible,True,LA,房间内提供中文电视、国际免长途电话、小区免费提供健身房、网球场、游泳池,t,f,2014-07-23,t,33.98926672837801,-117.9164336592094,靠近华人超市和美国超市及costco,0.0,https://a0.muscache.com/im/pictures/53b78c91-7ae5-4948-8a87-8ad162400e6c.jpg?aki_policy=small,91748.0,1.0,2.0;;;;
1967332,4.4998096703302615,Apartment,Private room,{},1.0,2.0,Real Bed,flexible,False,LA,One bedroom in a 3 bedroom apartment with great location and welcoming roommates.,t,t,2015-09-05,f,34.10439554602904,-118.13309084756844,Cozy chic apartment in Alhambra!,0.0,https://a0.muscache.com/im/pictures/dac42afc-0126-448c-a434-0e1ca0815001.jpg?aki_policy=small,91801.0,1.0,3.0;;;;
15769369,4.605170185988092,Apartment,Private room,{},1.0,1.0,Real Bed,flexible,False,DC,It'll be a fun time.,t,f,2013-01-13,f,38.907617676396185,-77.03061941577558,One Room,1.0,https://a0.muscache.com/im/pictures/71d49b43-3f63-4788-b422-9059420b641b.jpg?aki_policy=small,20005.0,1.0,1.0;;;;
14634810,4.605170185988092,Apartment,Private room,{},1.0,1.0,Real Bed,flexible,False,LA,Lovely home with gym and pool,t,f,2016-09-27,t,34.20097542476832,-118.37903665635952,Nice Hollywood home,0.0,https://a0.muscache.com/im/pictures/15f16ac8-c3f6-4d7b-9899-e21420435df1.jpg?aki_policy=small,91605.0,1.0,1.0;;;;
6704812,6.8977049431286375,Apartment,Private room,{},2.0,2.0,Real Bed,flexible,True,LA,This amazingly large one bedroom is located in the heart of the Noho Arts District with a private balcony and your own bathroom. It features a queen Tempurpedic bed with a remote to move it. It also has a washer/dryer in the unit. Plenty to walk to!!,t,t,2014-06-29,f,34.16140115150378,-118.36937504682888,Large Bedroom in Noho Arts District,0.0,https://a0.muscache.com/im/pictures/44251459/c75fa5a3_original.jpg?aki_policy=small,91601.0,1.0,1.0;;;;
7439885,4.605170185988092,Apartment,Private room,{Kitchen},1.0,1.0,Real Bed,flexible,False,SF,Best place ever,t,f,2017-06-20,t,37.78137940480353,-122.4521042519988,Paradise,0.0,https://a0.muscache.com/im/pictures/695cfed3-edb9-4508-ad20-2ea6b1e5b813.jpg?aki_policy=small,94118.0,1.0,1.0;;;;
15747712,3.9318256327243257,House,Private room,{},2.0,1.0,Real Bed,flexible,False,LA,good ventilation,t,f,2017-04-28,f,33.770506869385144,-118.1947159780518,fangdanyuan,0.0,https://a0.muscache.com/im/pictures/d6fbad15-435e-4cfb-8e9c-5064485e6f92.jpg?aki_policy=small,90802.0,1.0,1.0;;;;
15902028,3.555348061489413,Apartment,Shared room,{},1.0,1.0,Real Bed,flexible,False,LA,Comfortable place by local college. You will have roommates but place is quiet and convenient. Shared bathroom and wifi. Any questions please ask,t,f,2016-06-20,f,34.04574223979471,-117.85119185105025,Cozy couch in Walnut CA,0.0,https://a0.muscache.com/im/pictures/fa1330fe-fc75-4f92-9f1c-130dc163b18a.jpg?aki_policy=small,91789.0,1.0,1.0;;;;
13261006,3.912023005428147,House,Private room,{},2.0,1.0,Real Bed,flexible,False,LA,Very private and quite . Hiking horse riding and lots more close by Whole house As much or as little as they want I'm in the country what's not to love about that The train station is only one mile away,t,f,2015-09-22,f,34.48543056418129,-118.1253795035072,Nice quiet private ranch house,33.0,https://a0.muscache.com/im/pictures/38165109-1f28-429f-b9fd-99d0932c154e.jpg?aki_policy=small,93550.0,1.0,1.0;;;;
395975,3.688879454113936,House,Private room,{},1.0,1.0,Real Bed,flexible,False,LA,Private bedroom with a twin sized bed and desk,t,f,2016-01-18,f,33.871374587145226,-118.34399520041092,Few Miles Away from Beaches,2.0,https://a0.muscache.com/im/pictures/66a85719-7f73-4696-9735-6a0dfa00ba92.jpg?aki_policy=small,90504.0,1.0,1.0;;;;
11042240,4.248495242049359,House,Private room,{},2.0,1.0,Real Bed,flexible,False,LA,       Very close to downtown San Dimas. Quite community with pool and spa.Just come in and relax.,t,t,2015-02-20,f,34.103639531147905,-117.79565484579796,Downtown San Dimas private room,1.0,https://a0.muscache.com/im/pictures/67573858/9f79568e_original.jpg?aki_policy=small,91773.0,1.0,1.0;;;;
6700172,3.8501476017100575,House,Private room,{},2.0,1.0,Real Bed,strict,False,LA,adjacent to the subway,t,f,2017-04-29,f,33.7694243975316,-118.1927862252541,clear graceceland,0.0,https://a0.muscache.com/im/pictures/092b0f7c-a455-4f3a-ab38-04292e373d83.jpg?aki_policy=small,90802.0,1.0,1.0;;;;
16806706,4.31748811353631,House,Shared room,{},2.0,0.0,Real Bed,flexible,False,LA,A quiet street to escape the hassle of the city but close enough to go and explore.,t,t,2015-11-11,f,34.17306359498998,-118.14364124039614,Pasadena getaway,0.0,https://a0.muscache.com/im/pictures/a91f7d7d-55cc-496b-a781-8d092a7c9a77.jpg?aki_policy=small,91104.0,1.0,1.0;;;;
9922119,4.605170185988092,Apartment,Entire home/apt,{},2.0,1.0,Real Bed,moderate,True,NYC,This beautiful 1 bedroom is located in lovely Bay Ridge Brooklyn and steps away from the subway and 30 mins away from the city. Want some peace and relaxation? This is the place.,t,f,2014-07-31,f,40.634311069848174,-74.025518830204,Brooklyn Beauty,8.0,https://a0.muscache.com/im/pictures/9712b1aa-df0c-4bdd-8eb3-60dfd9836df5.jpg?aki_policy=small,11209.0,1.0,1.0;;;;
8120490,6.396929655216146,House,Entire home/apt,{},5.0,1.5,Real Bed,flexible,False,NYC,Next to transportation to the big city!,t,f,2016-09-17,f,40.69370548973705,-73.76526145089791,Beautiful large house,0.0,https://a0.muscache.com/im/pictures/98093300-7352-4130-8d52-3ef49869d25b.jpg?aki_policy=small,11412.0,1.0,3.0;;;;
1974128,4.8283137373023015,Apartment,Entire home/apt,{},2.0,1.0,Real Bed,flexible,False,DC,Will elaborate later,t,t,2013-06-11,f,38.92918033540644,-77.07698717794447,English basem 1BR near DC Cathedral,0.0,https://a0.muscache.com/im/pictures/36884222/3f7e574b_original.jpg?aki_policy=small,20016.0,1.0,1.0;;;;
8192443,4.382026634673881,House,Private room,{},2.0,1.0,Real Bed,flexible,False,LA,Spacious guest bedroom with access to kitchen and it's own bathroom,t,f,2016-09-18,f,33.8321986666991,-118.06941422606022,Spacious spare room + guest bath,0.0,,90716.0,1.0,1.0;;;;
7713437,6.907755278982138,Apartment,Private room,{},4.0,1.0,Real Bed,flexible,False,NYC,Penthouse,t,t,2011-01-13,f,40.678200375266144,-73.98173323659461,WTC Penthouse,0.0,https://a0.muscache.com/im/pictures/08538431-389a-40fb-ad23-b474ddd9239d.jpg?aki_policy=small,10038.0,1.0,2.0;;;;
17477317,5.4380793089231965,Apartment,Entire home/apt,{},1.0,1.0,Real Bed,flexible,False,LA,Beautiful condo in Long Beach next to amenities much more beach living,t,f,2016-09-12,f,33.78894810490611,-118.16012103281832,Condo in Long Beach,0.0,https://a0.muscache.com/im/pictures/c7e543d5-f42a-4c57-9ee4-48efb62b373f.jpg?aki_policy=small,90804.0,1.0,1.0;;;;
3262842,3.871201010907892,House,Shared room,{},2.0,1.0,Real Bed,flexible,True,LA,This is a shared space with full size bed in the living rooms it's a 70' flat screen tv,t,t,2015-09-11,f,34.118186585965226,-118.34369883103454,Full Size Bed Retreat in Living,2.0,https://a0.muscache.com/im/pictures/fcdf99d5-637e-4a63-b2e8-33a5248a7284.jpg?aki_policy=small,90068.0,1.0,1.0;;;;
14408230,6.376726947898628,Apartment,Entire home/apt,{},1.0,1.5,Real Bed,flexible,False,SF,asdfsafda,t,f,2015-03-23,f,37.790706498539535,-122.39324005740016,asdfas,0.0,https://a0.muscache.com/im/pictures/106031117/dcf10d11_original.jpg?aki_policy=small,94105.0,1.0,1.0;;;;
13027661,3.912023005428147,Apartment,Private room,{},2.0,1.0,Real Bed,flexible,False,NYC,Gorgeous room conducive for visiting. Business oriented or travelers looking for sleep over or home away.,t,f,2015-06-27,t,40.68201811750186,-73.92003735198149,NYC. CHAUNCEY 3. 20MIN to Manhattan,62.0,https://a0.muscache.com/im/pictures/41a82107-05a8-492c-9d86-0a4879970523.jpg?aki_policy=small,11233.0,1.0,1.0;;;;
4183810,3.80666248977032,House,Private room,{},2.0,1.0,Real Bed,flexible,False,LA,1 bedroom in 2 bedroom 1 bath house with full house access and a large backyard for your furry friend. The bedroom includes a queen-size bed and window A/C unit. Full access to the house,t,t,2015-07-05,f,34.148147117534734,-118.01145583443252,1 Bedroom plus pets welcome,3.0,https://a0.muscache.com/im/pictures/91079155/972b8de7_original.jpg?aki_policy=small,91016.0,1.0,1.0;;;;
20322491,3.4011973816621555,Apartment,Shared room,{},1.0,1.0,Real Bed,strict,False,LA,Monthly Studio Share. In Hollywood. Clean and close to everything.. Monthly Highly Prefered can offer a fair monthly rate. Location location Laundry facility in building Close to everything in Hollywood. The location is key here. Yes. Very convenient. Parking is a lil challenge. Street parking only or Garage parking. Can work a better price for monthly stay.  Willing to work with you.,t,f,2015-09-02,f,34.10549534000768,-118.32950224105578,Hollywood❤,2.0,https://a0.muscache.com/im/pictures/d90b7dc5-83a1-41ed-a786-9ef4a8828fd0.jpg?aki_policy=small,90028.0,1.0,1.0;;;;
189821,5.298317366548036,Apartment,Private room,{},2.0,1.0,Real Bed,flexible,False,NYC,/,t,t,2012-12-08,f,40.82276764555968,-73.94980673612207,/,0.0,https://a0.muscache.com/im/pictures/53619879/7506e42e_original.jpg?aki_policy=small,10031.0,1.0,1.0;;;;
13250089,4.3694478524670215,Apartment,Private room,{},1.0,1.0,Real Bed,strict,True,LA,Great bedroom shared bath in a 2 bdrm Apartment close to Downtown Beverly Hills and Century city . KIng size bed  Next to Peninsula Hotel most expensive hotel in L.A. Santa Monica And Wilshire hub close to W Hollywood   ,t,t,2012-08-01,f,34.0639113930872,-118.41351968944484,private room in Bevely hills apt.,2.0,https://a0.muscache.com/im/pictures/67206283/3043803c_original.jpg?aki_policy=small,90212.0,1.0,1.0;;;;
7227910,6.856461984594588,Apartment,Entire home/apt,{},12.0,2.0,Real Bed,strict,True,NYC,Come travel in style and enjoy your temporary home.,t,f,2014-11-16,t,40.74837520721464,-73.99468158162331,HUGE Chic HOME 2000sq ft 2bath,0.0,https://a0.muscache.com/im/pictures/0fd55f17-5f14-4360-98be-6ee6c9e24258.jpg?aki_policy=small,10001.0,4.0,4.0;;;;
11334091,6.214608098422191,Apartment,Private room,{},2.0,1.0,Real Bed,flexible,True,NYC,Beautiful huge sun-lit private room in a 2BR. In the heart of the amazing Lower East Side and upstairs from one of the coolest bars in the city and surrounded by many more!,t,t,2014-05-25,f,40.71364245353024,-73.99036568247767,Big and beautiful sun drenched room,1.0,https://a0.muscache.com/im/pictures/52557658/1f95eb8c_original.jpg?aki_policy=small,10002.0,1.0,1.0;;;;
7735532,5.857933154483459,Apartment,Entire home/apt,{},4.0,2.0,Real Bed,flexible,False,LA,Amazing 3story loft on the west side of LA,t,t,2015-08-19,f,33.99707382097321,-118.42286184679276,Luxury 3 story loft,0.0,https://a0.muscache.com/im/pictures/7f73f428-60fe-4c1e-a0d4-94c5e43b22cc.jpg?aki_policy=small,90066.0,1.0,1.0;;;;
12546799,5.135798437050261,Condominium,Entire home/apt,{},1.0,2.0,Real Bed,flexible,False,NYC,Child friendly!,t,f,2017-09-04,f,40.679534955416,-73.96499459320476,Noahs home,0.0,https://a0.muscache.com/im/pictures/58017c9e-3336-47a7-9ab5-8ba6ca23f356.jpg?aki_policy=small,11238.0,2.0,3.0;;;;
15471042,4.442651256490317,Apartment,Private room,{},1.0,2.0,Real Bed,flexible,False,LA,Blocks away from sm Blvd and sunset strip/ plenty of attractions/ dogs and cat lovers - gay friendly,t,t,2012-07-20,f,34.09519147609321,-118.35055128362472,Plenty of room in a large 2 bedroom,1.0,https://a0.muscache.com/im/pictures/67fa30ba-83f3-4733-af64-b2af49176520.jpg?aki_policy=small,90046.0,1.0,2.0;;;;
11010969,3.8918202981106265,Apartment,Private room,{},2.0,1.0,Real Bed,flexible,False,Chicago,My friend built the building from ground up so it's new construction. Cozy space. Nice room with natural light.,t,f,2014-01-23,f,41.870187291339455,-87.68867117523611,Free parking. Comfy Queen bed. Yay!,3.0,https://a0.muscache.com/im/pictures/7e5d01d9-208c-4350-b63d-4662538e166e.jpg?aki_policy=small,60612.0,1.0,1.0;;;;
251615,6.895682697747867,Apartment,Private room,{},1.0,1.0,Real Bed,flexible,False,SF,description,t,t,2014-04-12,t,37.77276638921512,-122.40648609360886,listing,0.0,https://a0.muscache.com/im/pictures/9baeae53-f41d-4d2e-8435-80b1700c5dab.jpg?aki_policy=small,94103.0,0.0,1.0;;;;
16009490,3.912023005428147,Apartment,Entire home/apt,{},1.0,1.0,Real Bed,flexible,False,LA,Studio with Chinese dividers to separate the living area. Full kitchen and bathroom.,t,t,2016-09-21,f,34.166737557867535,-118.3882777199383,Nice Studio,0.0,https://a0.muscache.com/im/pictures/70721911-4d09-4027-bb0c-ba1d0fb454b9.jpg?aki_policy=small,91601.0,0.0,1.0;;;;
10614478,4.442651256490317,Apartment,Private room,{},1.0,1.0,Real Bed,strict,True,SF,Great place to be. In the heart of the city. Right next to Trader Joes and walking distance from Union Square & Bart. Great for solo travelers and business. Girls only please- preferably professionals in their mid-20s!,t,f,2015-08-30,f,37.78756355373947,-122.41640519038226,Beautiful Private Bedroom in Nob Hill,6.0,,94109.0,1.0,1.0;;;;
267535,4.442651256490317,Apartment,Private room,{},1.0,1.0,Real Bed,flexible,False,LA,Walk by  restraint and supermarket   Air con laundry wifi cable tv in room,t,f,2015-08-09,f,34.044948187539404,-118.44888239120878,5yrs old 1 bed room nice safe area,0.0,https://a0.muscache.com/im/pictures/98940411/2d9e3b67_original.jpg?aki_policy=small,90025.0,1.0,1.0;;;;
13062975,3.0445224377234235,House,Shared room,{},1.0,1.0,Real Bed,flexible,True,LA,Beautiful love seat in living room w private BR. Near Cerritos College . Perfect for solo adventures in need of place to crash .,t,f,2016-11-15,f,33.895422956388785,-118.06960544445911,Huge Love Seat w PBR,1.0,https://a0.muscache.com/im/pictures/473beee6-a172-46f7-9fc3-aca8e852b74c.jpg?aki_policy=small,90650.0,1.0,1.0;;;;
9373148,5.6167710976665735,House,Entire home/apt,{},2.0,1.0,Real Bed,flexible,False,LA,come kick it in eagle rock.,t,t,2014-07-31,f,34.124838310639696,-118.218971611482,Eagle Rock one bd house,0.0,,90041.0,1.0,1.0;;;;
4261837,4.553876891600541,Apartment,Entire home/apt,{},2.0,1.0,Real Bed,flexible,True,LA,Great location middle of Sherman oaks CA,t,t,2015-12-10,f,34.150153709881465,-118.4327132945756,1 bedroom suite,0.0,https://a0.muscache.com/im/pictures/b4333a46-76e5-4e57-bce7-55211f4ba2cc.jpg?aki_policy=small,91423.0,1.0,1.0;;;;
17692964,4.74493212836325,House,Private room,{},2.0,1.0,Real Bed,flexible,False,LA,Lakewood city close to park recreation restaurant the mall and movies,t,f,2016-10-13,f,33.866330304831855,-118.1460363829147,Lakewood Gardens,0.0,https://a0.muscache.com/im/pictures/c4a8b24e-8096-4602-a646-626d5dedc4bd.jpg?aki_policy=small,90712.0,1.0,1.0;;;;
14283423,7.090076835776093,Other,Private room,{},4.0,2.0,Real Bed,flexible,False,NYC,Location is 56th st and 7th ave Sleeps up to 6      2 baths 2 TVs Maid Service free .. small kitchen with Frig/MW/DW Coffee maker and more  close to all NFL festivities in NYC  20 MINUTES TO STADIUM GO TO MANHATTAN CLUB WEBSITE 4 PIX (PHONE NUMBER HIDDEN) LOCATED IN THE HEART OF MIDTOWN MANHATTAN Walk to Central Park ... Rockefeller Plaza   Radio City Music Hall!!  FAO Schwarz  and all shopping!!! Gym .. Concierge services no charge  Walk to NFL festivities and all Broadway theaters!! BEST IN NYC  RIGHT ACROSS FRO CARNEGIE HALL AND CENTRAL PARK NEAR ALL PUBLIC TRANSPORTATION>> AIRPORTS >>PARKING GARAGES AND MORE,t,f,2013-12-12,f,40.7652602354133,-73.98052192560591,SUPERBOWL IN NYC!!! NEAR ALL SITES,0.0,,10019.0,1.0,2.0;;;;
15180140,5.1929568508902095,House,Private room,{},1.0,1.0,Real Bed,flexible,False,LA,Comfortable living in Long Beach next to the airport Golf Course,t,f,2016-09-10,f,33.818454259057496,-118.13227746832486,Long Beach lifestyle,0.0,https://a0.muscache.com/im/pictures/d03610e6-85ad-4260-a2b2-bf3e181ba663.jpg?aki_policy=small,90808.0,1.0,1.0;;;;
9505449,3.8918202981106265,Apartment,Shared room,{},2.0,1.0,Real Bed,flexible,False,LA,Very cormfortable  one bedroom with heated pool in the heart of Sherman oaks.  Walking distance to restaurants and bars. I have a mattress that you blow up and it is a double size. All the time or none of the time depends on what the guests wants to do The atmosphere of the neighborhood is young and vibrant with great restaurants and bars to check out.,t,t,2016-03-31,f,34.14915995816523,-118.46712092049776,Great spot in Sherman oaks,0.0,https://a0.muscache.com/im/pictures/4a2356f1-263e-4bda-a664-fd8231fbd7bd.jpg?aki_policy=small,91403.0,1.0,1.0;;;;
13741686,3.555348061489413,House,Shared room,{},1.0,1.0,Real Bed,flexible,False,LA,This is nice place to stay very clean,t,t,2015-05-04,f,34.53504947610865,-117.97536363672045,Great place to stay,0.0,https://a0.muscache.com/im/pictures/967952f0-fecb-49ab-a660-f386fc725eab.jpg?aki_policy=small,93543.0,1.0,1.0;;;;
7665979,4.653960350157523,Apartment,Private room,{},1.0,1.0,Real Bed,flexible,False,LA,Hey these pics are part of the house the room to be rented is listed in first listing,t,t,2014-06-27,f,34.061877721465216,-118.28485797245892,1 room in 3 bedroom apt,2.0,https://a0.muscache.com/im/pictures/49610199/b3a894d1_original.jpg?aki_policy=small,90005.0,1.0,1.0;;;;
638218,4.31748811353631,Apartment,Shared room,{},1.0,1.0,Real Bed,flexible,False,LA,Cozy mattress to rest your head for the evening with patio table,t,f,2016-07-13,f,33.76470582633431,-118.14714099139816,Comfortable place to sleep,0.0,https://a0.muscache.com/im/pictures/a0b2fc40-1ee1-4182-a7a3-d074926f0fd6.jpg?aki_policy=small,90803.0,1.0,1.0;;;;
18151142,3.4011973816621555,Apartment,Shared room,{},1.0,1.0,Real Bed,flexible,False,LA,Comfortable living area nice dog friendly people,t,f,2016-08-14,f,34.15143728654905,-117.87173780606396,Comfortable living area Long Beach,0.0,https://a0.muscache.com/im/pictures/3095616a-e8a2-4fae-8c1a-fb96ad71e54e.jpg?aki_policy=small,91741.0,1.0,1.0;;;;
7790214,4.31748811353631,Apartment,Shared room,{},2.0,1.0,Real Bed,flexible,False,LA,Comfortable environment for students and travelers! Anyone interested in renting close to long beach pier. Couch is super comfy.,t,f,2016-07-29,f,33.79002838075139,-118.13524634803612,Cozy space for stays beachside,0.0,https://a0.muscache.com/im/pictures/19922c76-6fe9-4465-bf8c-8571132642d4.jpg?aki_policy=small,90815.0,1.0,1.0;;;;
16396028,5.857933154483459,Apartment,Entire home/apt,{},6.0,2.0,Real Bed,flexible,True,LA,Beautiful apt and vibes,t,t,2015-04-04,f,34.07580048802722,-118.35612361092753,Luxury apartment in the grove,0.0,,90036.0,1.0,2.0;;;;
11825175,7.3132203870903005,Apartment,Entire home/apt,{},1.0,1.0,Real Bed,flexible,False,SF,My place is good for big groups and furry friends (pets).,t,t,2013-12-19,f,37.77094384888356,-122.4056259364668,Test fancy listing = DO NOT BOOK,0.0,https://a0.muscache.com/im/pictures/f6670902-3cc0-40bd-80fb-afb0cc98a337.jpg?aki_policy=small,94103.0,1.0,1.0;;;;
2699338,4.653960350157523,House,Private room,{},2.0,1.0,Real Bed,flexible,False,LA,Quiet place next to all freeways. Heart of the harbor. Minutes from downtown long beach.,t,f,2016-09-14,f,33.78568662219302,-118.25162169902433,Nice place to stay near the bay,1.0,https://a0.muscache.com/im/pictures/f73f9467-18c9-450c-afdb-c2ed63303158.jpg?aki_policy=small,90744.0,1.0,1.0;;;;
16930922,4.867534450455582,Apartment,Private room,{},1.0,1.0,Real Bed,flexible,False,LA,Long Beach is where you want to be have you ever wanted to visit a place your time just stand still welcome to Long Beach,t,f,2016-10-12,f,33.783853425393005,-118.16617487987206,Long Beach is awesome,0.0,https://a0.muscache.com/im/pictures/883957ad-e281-4893-95e6-7cca629a1f89.jpg?aki_policy=small,90804.0,1.0,1.0;;;;
4434797,3.7841896339182615,House,Private room,{},2.0,1.0,Real Bed,flexible,False,LA,xiaoquhuanjingyoumeijiaotongbianlusheshiqiquan,t,f,2017-04-29,f,34.19521225482349,-118.15933574979827,sunshin garden,0.0,https://a0.muscache.com/im/pictures/8c101453-1f4a-4b58-8fae-c7d38c267ea6.jpg?aki_policy=small,91001.0,1.0,1.0;;;;
4766321,3.828641396489095,Apartment,Private room,{},1.0,1.0,Real Bed,strict,False,NYC,My place is close to Two Little Red Hens and Fairway Market. You’ll love my place because of the coziness. My place is good for solo adventurers and business travelers.,t,t,2013-12-21,f,40.77671538002296,-73.94697082518762,Basic room in great location,4.0,,10128.0,1.0,1.0;;;;
11398231,4.204692619390967,Apartment,Private room,{},1.0,1.0,Real Bed,flexible,False,SF,Test,t,t,2016-11-14,t,37.77288527855583,-122.40483213304309,test Title for me,0.0,https://a0.muscache.com/im/pictures/bcb1e423-3f3d-4a26-968c-fa2394c079d4.jpg?aki_policy=small,94103.0,1.0,1.0;;;;
7455604,5.393627546352364,House,Private room,{},1.0,3.0,Real Bed,flexible,False,LA,Beautiful house in Beverly Hills . 5 min a way from Rodeo Drive . I have pool . Laundry inside the house three bedroom house two bedroom is available there is one bed in the room with the closet and private shower . There is for parking space in the house,t,f,2014-03-29,f,34.11146303645545,-118.4041019031366,Amazing location in Beverly Hills,0.0,https://a0.muscache.com/im/pictures/09925249-9643-4323-ace7-c1624612cae9.jpg?aki_policy=small,90210.0,1.0,1.0;;;;
2247557,3.688879454113936,House,Private room,{},2.0,1.0,Real Bed,strict,True,DC,Nice loft in an Elegant Townhouse! Is the first floor of the townhouse with and open space with desk and independent half bathroom.,t,t,2012-11-17,f,38.92202769321738,-76.95577608158108,Loft in townhouse!!!,5.0,https://a0.muscache.com/im/pictures/6db25ec2-8707-4767-88c6-fb531c6ea2ee.jpg?aki_policy=small,20018.0,1.0,1.0;;;;
14549287,4.605170185988092,Apartment,Private room,{},1.0,1.0,Real Bed,flexible,False,NYC,one room in bushwick apt ,t,t,2013-03-24,f,40.70902536510785,-73.93940478647143,one room bushwick,0.0,https://a0.muscache.com/im/pictures/55162426/6016bc16_original.jpg?aki_policy=small,11206.0,1.0,1.0;;;;
